"COL0","Date (YYYY-MM-DD)"
"COL1","v1 Canada (Persons) [11124]"

"COL0","COL1"

1976-01,23304197
1976-04,23369845
1976-07,23449808
1976-10,23533565
1977-01,23591713
1977-04,23656739
1977-07,23725843
1977-10,23801445
1978-01,23849503
1978-04,23903687
1978-07,23963203
1978-10,24025447
1979-01,24071889
1979-04,24128180
1979-07,24201544
1979-10,24279044
1980-01,24345365
1980-04,24418295
1980-07,24515667
1980-10,24603534
1981-01,24665355
1981-04,24732826
1981-07,24819915
1981-10,24920120
1982-01,24979229
1982-04,25042069
1982-07,25116942
1982-10,25193538
1983-01,25242830
1983-04,25300372
1983-07,25366451
1983-10,25434150
1984-01,25482358
1984-04,25539861
1984-07,25607053
1984-10,25677668
1985-01,25721170
1985-04,25774717
1985-07,25842116
1985-10,25914797
1986-01,25962414
1986-04,26019615
1986-07,26100278
1986-10,26187639
1987-01,26256140
1987-04,26346370
1987-07,26446601
1987-10,26542370
1988-01,26602328
1988-04,26679165
1988-07,26791747
1988-10,26932655
1989-01,27032356
1989-04,27147776
1989-07,27276781
1989-10,27402695
1990-01,27463550
1990-04,27567161
1990-07,27691138
1990-10,27807591
1991-01,27854861
1991-04,27928837
1991-07,28037420
1991-10,28127327
1992-01,28181477
1992-04,28269699
1992-07,28371264
1992-10,28474177
1993-01,28533602
1993-04,28600864
1993-07,28684764
1993-10,28786619
1994-01,28835772
1994-04,28907448
1994-07,29000663
1994-10,29096372
1995-01,29141902
1995-04,29211541
1995-07,29302311
1995-10,29396274
1996-01,29446857
1996-04,29514217
1996-07,29610218
1996-10,29708206
1997-01,29751536
1997-04,29818012
1997-07,29905948
1997-10,29994790
1998-01,30028506
1998-04,30080180
1998-07,30155173
1998-10,30231639
1999-01,30260117
1999-04,30314696
1999-07,30401286
1999-10,30492106
2000-01,30525872
2000-04,30594030
2000-07,30685730
2000-10,30783969
2001-01,30824441
2001-04,30910996
2001-07,31020855
2001-10,31128873
2002-01,31168896
2002-04,31252682
2002-07,31359199
2002-10,31450677
2003-01,31479415
2003-04,31549344
2003-07,31642461
2003-10,31736141
2004-01,31775723
2004-04,31844704
2004-07,31938807
2004-10,32038207
2005-01,32075011
2005-04,32140569
2005-07,32242732
2005-10,32353311
2006-01,32394909
2006-04,32470171
2006-07,32571193
2006-10,32680839
2007-01,32717848
2007-04,32785964
2007-07,32888886
2007-10,33001918
2008-01,33050262
2008-04,33127394
2008-07,33247298
2008-10,33372978
2009-01,33427754
2009-04,33512305
2009-07,33630069
2009-10,33758581
2010-01,33809016
2010-04,33890461
2010-07,34005902
2010-10,34132531
2011-01,34166633
2011-04,34230555
2011-07,34339221
2011-10,34457713
2012-01,34516032
2012-04,34592192
2012-07,34713395
2012-10,34834973
2013-01,34881794
2013-04,34956567
2013-07,35080992
2013-10,35209597
2014-01,35247023
2014-04,35320540
2014-07,35434066
2014-10,35555305
2015-01,35571043
2015-04,35606734
2015-07,35704498
2015-10,35823591
2016-01,35871484
2016-04,35970407
2016-07,36110803
2016-10,36257421
2017-01,36313068
2017-04,36397141
2017-07,36545075
2017-10,36722075
2018-01,36801579
2018-04,36903671
2018-07,37072620
2018-10,37259485
2019-01,37336956
2019-04,37437243
2019-07,37618495
2019-10,37828162
2020-01,37928208
2020-04,38006941
2020-07,38028638
2020-10,38027406
2021-01,38058291
2021-04,38140918
2021-07,38239864
2021-10,38460257
2022-01,38565380
2022-04,38693009
2022-07,38950132
2022-10,39284491
2023-01,39501329
2023-04,39727297
2023-07,40049088
2023-10,40467722
2024-01,40724526
2024-04,40990297
2024-07,41262329
2024-10,41494132
2025-01,41574517
2025-04,41604555
2025-07,41651653
2025-10,41575585
2026-01,41472081
2026-04,41417056


